vB_BceS_LY4_1	endonuclease VII	43.3	54.6	MN940411_00020
vB_BceS_LY4_1	HNH endonuclease	47.8	43.0	MT724048_00017
vB_BceS_LY4_1	HNH endonuclease	45.5	38.6	KX160204_00035
vB_BceS_LY4_1	endonuclease VII	51.3	36.6	KX160219_00031
vB_BceS_LY4_1	endonuclease VII	51.3	35.8	KX456211_00029
vB_BceS_LY4_1	terminase small subunit	41.1	35.3	KX077890_00026
vB_BceS_LY4_1	terminase small subunit	41.1	35.3	KC413987_00025
vB_BceS_LY4_1	HNH endonuclease	39.7	41.1	MW584197_00073
vB_BceS_LY4_1	HNH endonuclease	39.7	40.0	MW584159_00069
vB_BceS_LY4_1	HNH endonuclease	39.7	40.0	MW314854_00015
vB_BceS_LY4_1	HNH endonuclease	44.6	34.7	MF919542_00001
vB_BceS_LY4_1	endonuclease VII	92.4	26.5	MT601273_00132
vB_BceS_LY4_1	endonuclease VII	38.8	37.4	OL455888_00059
vB_BceS_LY4_1	endonuclease VII	49.6	31.9	MZ969646_00119
vB_BceS_LY4_1	HNH endonuclease	41.5	33.3	KJ410740_00118
vB_BceS_LY4_1	endonuclease VII	49.6	31.9	MT601274_00116
vB_BceS_LY4_1	endonuclease VII	49.6	31.9	MT601273_00111
vB_BceS_LY4_1	endonuclease VII	92.4	26.0	MT601274_00137
vB_BceS_LY4_1	HNH endonuclease	27.7	40.3	JF923796_00074
vB_BceS_LY4_1	HNH endonuclease	37.1	34.4	GU936714_00016
vB_BceS_LY4_1	HNH endonuclease	33.0	37.8	KJ019151_00260
vB_BceS_LY4_1	HNH endonuclease	33.0	37.8	KJ019146_00261
vB_BceS_LY4_1	HNH endonuclease	33.0	37.8	KJ019091_00253
vB_BceS_LY4_1	HNH endonuclease	33.0	37.8	KJ019058_00263
vB_BceS_LY4_1	HNH endonuclease	33.0	37.8	KJ019155_00257
vB_BceS_LY4_2	hypothetical protein	99.1	67.4	MK448686_00032
vB_BceS_LY4_2	hypothetical protein	99.1	66.9	MK448977_00037
vB_BceS_LY4_2	hypothetical protein	99.1	66.9	MK448965_00022
vB_BceS_LY4_2	hypothetical protein	99.1	66.9	MK448960_00032
vB_BceS_LY4_2	hypothetical protein	99.1	66.9	MK448959_00022
vB_BceS_LY4_2	hypothetical protein	99.1	66.9	MK448958_00032
vB_BceS_LY4_2	hypothetical protein	99.1	66.9	MK448954_00031
vB_BceS_LY4_2	hypothetical protein	99.1	66.9	MK448949_00024
vB_BceS_LY4_2	hypothetical protein	99.1	66.9	MK448791_00037
vB_BceS_LY4_2	hypothetical protein	99.1	66.9	MK448788_00037
vB_BceS_LY4_2	hypothetical protein	99.1	66.9	MK448762_00033
vB_BceS_LY4_2	hypothetical protein	99.1	66.9	MK448951_00031
vB_BceS_LY4_2	hypothetical protein	99.1	66.3	MK448793_00035
vB_BceS_LY4_2	hypothetical protein	99.4	65.0	MK448733_00028
vB_BceS_LY4_2	hypothetical protein	99.4	64.4	MK448904_00031
vB_BceS_LY4_2	hypothetical protein	99.1	66.9	MK448862_00032
vB_BceS_LY4_2	hypothetical protein	99.4	64.7	MK044829_00039
vB_BceS_LY4_2	hypothetical protein	99.4	64.7	KY065465_00033
vB_BceS_LY4_2	unannotated protein	99.4	64.4	MW057932_00037
vB_BceS_LY4_2	hypothetical protein	99.1	57.4	MH341451_00002
vB_BceS_LY4_2	hypothetical protein	99.1	57.0	KP399677_00002
vB_BceS_LY4_3	terminase small subunit	85.2	85.0	EU874396_00044
vB_BceS_LY4_3	terminase small subunit	81.3	88.6	MK843319_00001
vB_BceS_LY4_3	terminase small subunit	81.3	88.6	KJ920400_00068
vB_BceS_LY4_3	terminase small subunit	81.3	88.6	KT970646_00001
vB_BceS_LY4_3	terminase small subunit	81.3	88.6	KT970645_00001
vB_BceS_LY4_3	terminase small subunit	81.3	88.6	HE614282_00003
vB_BceS_LY4_3	terminase small subunit	81.3	88.6	HE614281_00003
vB_BceS_LY4_3	terminase small subunit	81.3	88.6	AY894696_00003
vB_BceS_LY4_3	terminase small subunit	85.2	84.6	KJ024807_00003
vB_BceS_LY4_3	terminase small subunit	83.9	86.3	KX227759_00014
vB_BceS_LY4_3	terminase small subunit	83.9	86.3	KX227758_00024
vB_BceS_LY4_3	terminase small subunit	68.8	88.4	MK843319_00072
vB_BceS_LY4_3	terminase small subunit	96.7	45.4	KM983333_00030
vB_BceS_LY4_3	terminase small subunit	96.7	45.4	KM983330_00030
vB_BceS_LY4_3	terminase small subunit	73.0	50.8	GU568037_00001
vB_BceS_LY4_3	terminase small subunit	73.0	48.1	MZ983385_00083
vB_BceS_LY4_3	terminase small subunit	85.2	38.7	AB711120_00050
vB_BceS_LY4_3	terminase small subunit	78.6	36.3	MH884512_00008
vB_BceS_LY4_3	terminase small subunit	73.0	39.7	AY616446_00030
vB_BceS_LY4_3	terminase small subunit	57.2	38.5	KY206887_00024
vB_BceS_LY4_3	unannotated protein	57.2	38.5	OP753453_00057
vB_BceS_LY4_3	unannotated protein	57.2	38.5	OP753452_00057
vB_BceS_LY4_3	unannotated protein	57.2	38.5	OP753451_00057
vB_BceS_LY4_3	unannotated protein	57.2	38.5	OP753450_00057
vB_BceS_LY4_3	unannotated protein	57.2	38.5	OP753449_00057
vB_BceS_LY4_4	hypothetical protein	98.6	57.7	KX227760_00003
vB_BceS_LY4_4	hypothetical protein	98.6	57.7	KX227760_00066
vB_BceS_LY4_4	hypothetical protein	98.6	57.7	KX227757_00003
vB_BceS_LY4_4	hypothetical protein	98.6	57.7	KX227757_00065
vB_BceS_LY4_4	hypothetical protein	98.6	57.7	KT725776_00033
vB_BceS_LY4_4	hypothetical protein	98.6	54.9	MG710484_00059
vB_BceS_LY4_4	hypothetical protein	98.6	54.9	KT967075_00059
vB_BceS_LY4_4	hypothetical protein	98.6	54.9	JN191664_00057
vB_BceS_LY4_4	hypothetical protein	98.6	54.9	MW302330_00084
vB_BceS_LY4_4	hypothetical protein	95.8	55.1	GU233956_00053
vB_BceS_LY4_4	hypothetical protein	98.6	52.1	MK843319_00073
vB_BceS_LY4_4	hypothetical protein	98.6	52.1	KJ920400_00069
vB_BceS_LY4_4	hypothetical protein	98.6	52.1	KT970646_00068
vB_BceS_LY4_4	hypothetical protein	98.6	52.1	KT970645_00063
vB_BceS_LY4_4	hypothetical protein	98.6	52.1	HE614282_00002
vB_BceS_LY4_4	hypothetical protein	98.6	52.1	HE614281_00002
vB_BceS_LY4_4	hypothetical protein	98.6	52.1	AY894696_00002
vB_BceS_LY4_4	hypothetical protein	98.6	53.5	JQ062992_00033
vB_BceS_LY4_4	hypothetical protein	97.2	50.0	KT626446_00007
vB_BceS_LY4_4	hypothetical protein	95.8	52.2	MT745956_00050
vB_BceS_LY4_4	hypothetical protein	95.8	52.2	OK499979_00053
vB_BceS_LY4_4	hypothetical protein	95.8	52.2	MT745954_00050
vB_BceS_LY4_5	hypothetical protein	89.7	28.9	LR756503_00940
vB_BceS_LY4_5	hypothetical protein	89.7	28.9	LR756501_00940
vB_BceS_LY4_7	hypothetical protein	91.5	60.5	MT416612_00212
vB_BceS_LY4_9	membrane protein	99.1	100.0	EU874396_00038
vB_BceS_LY4_9	membrane protein	99.1	100.0	GU229986_00082
vB_BceS_LY4_9	membrane protein	97.3	77.1	ON881243_00125
vB_BceS_LY4_9	membrane protein	97.3	77.1	ON133270_00105
vB_BceS_LY4_9	membrane protein	97.3	77.1	OM634653_00150
vB_BceS_LY4_9	membrane protein	97.3	76.1	OM236516_00017
vB_BceS_LY4_9	membrane protein	98.2	63.6	OM112209_00051
vB_BceS_LY4_9	membrane protein	91.1	40.8	DQ535032_00103
vB_BceS_LY4_9	membrane protein	92.9	38.1	KY549443_00153
vB_BceS_LY4_9	membrane protein	92.9	38.1	OL799258_00150
vB_BceS_LY4_9	membrane protein	92.9	38.1	OL870611_00040
vB_BceS_LY4_9	membrane protein	92.9	38.1	MH791397_00048
vB_BceS_LY4_9	membrane protein	92.9	38.1	ON506928_00165
vB_BceS_LY4_9	membrane protein	92.9	38.1	ON125307_00052
vB_BceS_LY4_9	membrane protein	92.9	38.1	OM966901_00049
vB_BceS_LY4_9	membrane protein	92.9	38.1	MW004545_00124
vB_BceS_LY4_9	membrane protein	92.9	38.1	MW004544_00049
vB_BceS_LY4_9	membrane protein	92.9	38.1	MT856905_00053
vB_BceS_LY4_9	membrane protein	92.9	37.1	CAJDKA010000002_00152
vB_BceS_LY4_9	membrane protein	92.9	38.1	MN027503_00167
vB_BceS_LY4_9	membrane protein	92.9	38.1	KP339049_00049
vB_BceS_LY4_9	membrane protein	98.2	34.8	LC596379_00172
vB_BceS_LY4_9	membrane protein	98.2	34.8	LC596378_00172
vB_BceS_LY4_9	membrane protein	98.2	34.8	LC596377_00172
vB_BceS_LY4_9	membrane protein	98.2	34.8	CAJDJY010000002_00171
vB_BceS_LY4_10	transcriptional activator	80.0	97.7	EU874396_00037
vB_BceS_LY4_10	transcriptional activator	80.0	97.7	GU229986_00081
vB_BceS_LY4_10	transcriptional activator	80.0	60.9	KX227759_00007
vB_BceS_LY4_10	transcriptional activator	80.0	60.9	KX227758_00017
vB_BceS_LY4_10	transcriptional activator	79.4	38.6	ON528935_00050
vB_BceS_LY4_10	transcriptional activator	79.4	38.6	OM236514_00050
vB_BceS_LY4_10	transcriptional activator	79.4	38.6	HM072038_00048
vB_BceS_LY4_10	transcriptional activator	79.4	38.6	AB016282_00051
vB_BceS_LY4_11	IS200/IS605 family transposase ISBth15	99.5	67.1	EU874396_00068
vB_BceS_LY4_11	IS200/IS605 family transposase ISBth15	99.5	67.1	GU229986_00035
vB_BceS_LY4_11	IS200/IS605 family transposase ISBth15	98.9	65.0	MN091625_00120
vB_BceS_LY4_11	IS200/IS605 family transposase ISBth15	98.9	64.8	AY954970_00092
vB_BceS_LY4_11	IS200/IS605 family transposase ISBth15	98.9	64.8	MT151386_00169
vB_BceS_LY4_11	IS200/IS605 family transposase ISBth15	98.9	63.4	MH321491_00137
vB_BceS_LY4_11	IS200/IS605 family transposase ISBth15	98.9	62.9	AB853331_00120
vB_BceS_LY4_11	IS200/IS605 family transposase ISBth15	98.9	62.9	AB853330_00112
vB_BceS_LY4_11	IS200/IS605 family transposase ISBth15	98.9	63.4	KF021268_00065
vB_BceS_LY4_11	IS200/IS605 family transposase ISBth15	98.9	63.1	MT596506_00167
vB_BceS_LY4_11	IS200/IS605 family transposase ISBth15	98.9	63.1	MT596505_00178
vB_BceS_LY4_11	IS200/IS605 family transposase ISBth15	98.9	63.1	MT596504_00094
vB_BceS_LY4_11	IS200/IS605 family transposase ISBth15	98.9	63.1	MT596503_00107
vB_BceS_LY4_11	IS200/IS605 family transposase ISBth15	98.9	62.6	MT787017_00106
vB_BceS_LY4_11	IS200/IS605 family transposase ISBth15	98.9	63.1	AB903967_00096
vB_BceS_LY4_11	IS200/IS605 family transposase ISBth15	98.9	63.1	MT080595_00166
vB_BceS_LY4_11	unannotated protein	98.9	63.1	OQ094961_00148
vB_BceS_LY4_11	unannotated protein	98.9	63.1	OQ025230_00058
vB_BceS_LY4_11	unannotated protein	98.9	63.1	OQ025229_00058
vB_BceS_LY4_11	IS200/IS605 family transposase ISBth15	98.9	63.1	MW546076_00149
vB_BceS_LY4_11	IS200/IS605 family transposase ISBth15	98.9	63.1	MW546077_00139
vB_BceS_LY4_11	IS200/IS605 family transposase ISBth15	98.9	63.1	MW546075_00150
vB_BceS_LY4_11	IS200/IS605 family transposase ISBth15	98.9	63.1	MW546071_00139
vB_BceS_LY4_11	IS200/IS605 family transposase ISBth15	98.9	63.1	JX846612_00174
vB_BceS_LY4_11	IS200/IS605 family transposase ISBth15	98.9	63.1	JX846613_00166
vB_BceS_LY4_12	Arc-like repressor	96.4	63.0	MH375593_00054
vB_BceS_LY4_12	Arc-like repressor	96.4	63.0	MH892376_00044
vB_BceS_LY4_12	Arc-like repressor	96.4	63.0	MH892363_00044
vB_BceS_LY4_12	Arc-like repressor	96.4	63.0	MH937494_00055
vB_BceS_LY4_12	Arc-like repressor	94.6	54.7	EU874396_00069
vB_BceS_LY4_12	Arc-like repressor	94.6	54.7	GU229986_00036
vB_BceS_LY4_12	Arc-like repressor	80.4	62.2	KM983334_00068
vB_BceS_LY4_12	Arc-like repressor	80.4	62.2	KM983331_00068
vB_BceS_LY4_12	Arc-like repressor	89.3	46.0	OK247671_00002
vB_BceS_LY4_14	Holliday junction resolvase	78.6	59.6	OP066531_00046
vB_BceS_LY4_14	Holliday junction resolvase RecU	81.4	56.4	MK843319_00062
vB_BceS_LY4_14	Holliday junction resolvase RecU	81.4	56.4	KJ920400_00010
vB_BceS_LY4_14	Holliday junction resolvase RecU	81.4	56.4	KT970646_00057
vB_BceS_LY4_14	Holliday junction resolvase RecU	81.4	56.4	KT970645_00052
vB_BceS_LY4_14	Holliday junction resolvase RecU	81.4	56.4	HE614282_00056
vB_BceS_LY4_14	Holliday junction resolvase RecU	81.4	56.4	HE614281_00056
vB_BceS_LY4_14	Holliday junction resolvase RecU	80.0	50.9	KT852578_00049
vB_BceS_LY4_14	Holliday junction resolvase RecU	78.1	53.7	HQ332138_00041
vB_BceS_LY4_14	Holliday junction resolvase RecU	77.6	52.8	KT151958_00075
vB_BceS_LY4_14	Holliday junction resolvase RecU	77.6	52.8	KT151956_00075
vB_BceS_LY4_14	Holliday junction resolvase RecU	77.6	52.8	KC595518_00068
vB_BceS_LY4_14	Holliday junction resolvase RecU	77.6	53.4	KC595517_00067
vB_BceS_LY4_14	Holliday junction resolvase RecU	77.6	52.8	KC595515_00078
vB_BceS_LY4_14	Holliday junction resolvase RecU	77.6	52.8	KC595514_00078
vB_BceS_LY4_14	Holliday junction resolvase	78.6	56.6	KJ024807_00063
vB_BceS_LY4_14	Holliday junction resolvase	77.1	43.8	CP063417_00055
vB_BceS_LY4_14	Holliday junction resolvase RecU	77.6	40.5	DQ340064_00009
vB_BceS_LY4_14	Holliday junction resolvase RecU	78.1	39.6	KX965989_00025
vB_BceS_LY4_14	Holliday junction resolvase RecU	72.9	42.2	MK759918_00042
vB_BceS_LY4_14	Holliday junction resolvase RecU	54.8	47.4	KX190833_00022
vB_BceS_LY4_14	Holliday junction resolvase RecU	77.1	35.6	MZ983385_00012
vB_BceS_LY4_14	Holliday junction resolvase	75.7	39.1	OP142323_00065
vB_BceS_LY4_14	Holliday junction resolvase	75.7	39.1	ON325435_00060
vB_BceS_LY4_14	Holliday junction resolvase	75.7	39.1	ON550478_00064
vB_BceS_LY4_16	hypothetical protein	69.6	85.5	EU874396_00034
vB_BceS_LY4_16	hypothetical protein	69.6	85.5	GU229986_00078
vB_BceS_LY4_16	hypothetical protein	69.6	85.5	KX227759_00004
vB_BceS_LY4_16	hypothetical protein	69.6	85.5	KX227758_00014
vB_BceS_LY4_20	HNH endonuclease	99.6	92.0	KT725776_00024
vB_BceS_LY4_20	HNH endonuclease	99.6	92.0	GU233956_00047
vB_BceS_LY4_20	HNH endonuclease	99.6	71.0	KX190833_00040
vB_BceS_LY4_20	HNH endonuclease	97.9	34.4	MT880871_00028
vB_BceS_LY4_20	HNH endonuclease	98.3	30.7	JN700520_00028
vB_BceS_LY4_20	HNH endonuclease	69.5	28.7	OK499977_00163
vB_BceS_LY4_20	HNH endonuclease	68.2	30.7	EU340421_00030
vB_BceS_LY4_20	HNH endonuclease	69.0	29.0	KT001912_00058
vB_BceS_LY4_20	HNH endonuclease	67.4	29.6	MG913376_00028
vB_BceS_LY4_20	HNH endonuclease	67.8	30.1	AY739900_00031
vB_BceS_LY4_20	HNH endonuclease	70.7	29.9	LR990833_00044
vB_BceS_LY4_20	HNH endonuclease	66.5	31.6	MG264739_00005
vB_BceS_LY4_20	HNH endonuclease	69.5	27.3	KY794642_00048
vB_BceS_LY4_20	HNH endonuclease	68.2	28.7	OP018674_00059
vB_BceS_LY4_20	HNH endonuclease	68.2	28.8	MZ417331_00113
vB_BceS_LY4_20	HNH endonuclease	70.3	25.1	KX160207_00019
vB_BceS_LY4_20	unannotated protein	67.4	26.6	OP947161_00039
vB_BceS_LY4_20	HNH endonuclease	62.8	29.3	MT774394_00070
vB_BceS_LY4_20	HNH endonuclease	68.2	28.8	MZ417354_00018
vB_BceS_LY4_20	HNH endonuclease	68.2	28.8	MZ417350_00128
vB_BceS_LY4_20	HNH endonuclease	68.2	28.8	MZ417347_00001
vB_BceS_LY4_20	HNH endonuclease	68.2	28.8	MZ417346_00161
vB_BceS_LY4_20	HNH endonuclease	68.2	28.8	MZ417345_00085
vB_BceS_LY4_20	HNH endonuclease	68.2	28.8	MZ417340_00019
vB_BceS_LY4_20	HNH endonuclease	68.2	28.8	MZ417337_00188
vB_BceS_LY4_23	hypothetical protein	96.7	46.1	KJ081346_00122
vB_BceS_LY4_23	hypothetical protein	97.8	45.6	JX094431_00083
vB_BceS_LY4_23	hypothetical protein	97.8	44.4	MH638312_00222
vB_BceS_LY4_23	hypothetical protein	96.7	43.8	OL964058_00164
vB_BceS_LY4_23	hypothetical protein	97.8	39.3	MN364664_00212
vB_BceS_LY4_23	hypothetical protein	98.9	36.7	KT995480_00226
vB_BceS_LY4_23	hypothetical protein	98.9	36.7	MH638309_00226
vB_BceS_LY4_23	hypothetical protein	96.7	43.8	MG602477_00202
vB_BceS_LY4_23	hypothetical protein	96.7	43.8	KX495186_00084
vB_BceS_LY4_23	hypothetical protein	97.8	41.6	KF669662_00155
vB_BceS_LY4_23	hypothetical protein	95.6	42.5	KY888882_00156
vB_BceS_LY4_23	hypothetical protein	95.6	41.4	JN790865_00199
vB_BceS_LY4_23	hypothetical protein	95.6	41.4	JN797796_00200
vB_BceS_LY4_23	hypothetical protein	95.6	39.5	KU737345_00157
vB_BceS_LY4_23	hypothetical protein	95.6	39.5	OM350011_00159
vB_BceS_LY4_23	hypothetical protein	95.6	39.5	OK499990_00148
vB_BceS_LY4_23	hypothetical protein	95.6	39.5	OK499976_00149
vB_BceS_LY4_23	hypothetical protein	95.6	39.5	MW281503_00153
vB_BceS_LY4_23	hypothetical protein	95.6	39.5	MN038178_00157
vB_BceS_LY4_23	hypothetical protein	95.6	39.5	KU737347_00152
vB_BceS_LY4_23	hypothetical protein	95.6	39.5	KF669647_00153
vB_BceS_LY4_23	hypothetical protein	95.6	39.5	KF208639_00159
vB_BceS_LY4_23	hypothetical protein	95.6	39.5	KJ489402_00155
vB_BceS_LY4_23	hypothetical protein	95.6	39.5	MF765814_00153
vB_BceS_LY4_23	hypothetical protein	95.6	39.5	KT307976_00157
vB_BceS_LY4_24	hypothetical protein	85.7	44.3	MN153503_00026
vB_BceS_LY4_24	hypothetical protein	70.1	46.3	KU737347_00025
vB_BceS_LY4_24	hypothetical protein	70.1	44.4	OM350011_00027
vB_BceS_LY4_24	hypothetical protein	70.1	44.4	MW281503_00024
vB_BceS_LY4_24	hypothetical protein	70.1	44.4	KJ489402_00026
vB_BceS_LY4_24	hypothetical protein	70.1	44.4	MF765814_00025
vB_BceS_LY4_24	hypothetical protein	70.1	44.4	KU737345_00025
vB_BceS_LY4_24	hypothetical protein	70.1	44.4	KF208639_00030
vB_BceS_LY4_24	hypothetical protein	70.1	42.6	OK499990_00025
vB_BceS_LY4_24	hypothetical protein	70.1	42.6	OK499976_00026
vB_BceS_LY4_24	hypothetical protein	70.1	42.6	KT307976_00028
vB_BceS_LY4_24	hypothetical protein	70.1	42.6	KF669647_00025
vB_BceS_LY4_24	hypothetical protein	84.4	36.5	MN038178_00025
vB_BceS_LY4_26	hypothetical protein	72.1	51.1	KF669661_00017
vB_BceS_LY4_26	hypothetical protein	72.1	51.1	KP696447_00016
vB_BceS_LY4_28	Deoxyuridine 5'-triphosphate nucleotidohydrolase	99.3	89.2	KT725776_00018
vB_BceS_LY4_28	Deoxyuridine 5'-triphosphate nucleotidohydrolase	99.3	88.5	KX227760_00049
vB_BceS_LY4_28	Deoxyuridine 5'-triphosphate nucleotidohydrolase	99.3	88.5	KX227757_00048
vB_BceS_LY4_28	Deoxyuridine 5'-triphosphate nucleotidohydrolase	99.3	74.3	EU874396_00022
vB_BceS_LY4_28	Deoxyuridine 5'-triphosphate nucleotidohydrolase	99.3	68.8	GU229986_00069
vB_BceS_LY4_28	Deoxyuridine 5'-triphosphate nucleotidohydrolase	99.3	68.8	KX227759_00073
vB_BceS_LY4_28	Deoxyuridine 5'-triphosphate nucleotidohydrolase	99.3	68.8	KX227758_00005
vB_BceS_LY4_28	Deoxyuridine 5'-triphosphate nucleotidohydrolase	99.3	63.7	GU233956_00040
vB_BceS_LY4_28	dUTPase	96.6	50.3	ON210835_00071
vB_BceS_LY4_28	dUTPase	96.6	50.3	ON210834_00075
vB_BceS_LY4_28	Deoxyuridine 5'-triphosphate nucleotidohydrolase	98.0	47.7	MH460824_00056
vB_BceS_LY4_28	Deoxyuridine 5'-triphosphate nucleotidohydrolase	98.0	47.7	MH460827_00066
vB_BceS_LY4_28	Deoxyuridine 5'-triphosphate nucleotidohydrolase	98.0	47.7	MH460826_00066
vB_BceS_LY4_28	Deoxyuridine 5'-triphosphate nucleotidohydrolase	98.0	47.7	MH460825_00067
vB_BceS_LY4_28	Deoxyuridine 5'-triphosphate nucleotidohydrolase	96.6	47.6	MH454080_00064
vB_BceS_LY4_28	Deoxyuridine 5'-triphosphate nucleotidohydrolase	96.6	47.6	MH454076_00064
vB_BceS_LY4_28	Deoxyuridine 5'-triphosphate nucleotidohydrolase	96.6	47.6	MH431938_00063
vB_BceS_LY4_28	dUTPase	96.6	54.1	OM112210_00047
vB_BceS_LY4_28	Deoxyuridine 5'-triphosphate nucleotidohydrolase	98.0	46.1	MK533143_00038
vB_BceS_LY4_28	Deoxyuridine 5'-triphosphate nucleotidohydrolase	99.3	45.9	CP069348_00157
vB_BceS_LY4_28	Deoxyuridine 5'-triphosphate nucleotidohydrolase	87.9	51.5	MW430345_00062
vB_BceS_LY4_28	Deoxyuridine 5'-triphosphate nucleotidohydrolase	87.9	51.5	KX171213_00054
vB_BceS_LY4_28	Deoxyuridine 5'-triphosphate nucleotidohydrolase	87.9	51.5	KX171212_00055
vB_BceS_LY4_28	Deoxyuridine 5'-triphosphate nucleotidohydrolase	99.3	45.2	CP067347_00006
vB_BceS_LY4_28	Deoxyuridine 5'-triphosphate nucleotidohydrolase	87.9	51.5	MZ417344_00060
vB_BceS_LY4_31	thioredoxin domain protein	98.7	100.0	GU229986_00066
vB_BceS_LY4_31	thioredoxin domain protein	98.7	100.0	KX227759_00070
vB_BceS_LY4_31	thioredoxin domain protein	98.7	100.0	KX227758_00002
vB_BceS_LY4_31	thioredoxin domain protein	98.7	50.0	JQ619704_00048
vB_BceS_LY4_31	thioredoxin domain protein	98.7	48.4	MH598512_00008
vB_BceS_LY4_31	thioredoxin domain protein	94.9	44.4	MG784342_00009
vB_BceS_LY4_31	thioredoxin domain protein	93.7	43.9	MT777452_00004
vB_BceS_LY4_31	thioredoxin domain protein	98.7	38.3	KT725776_00017
vB_BceS_LY4_31	thioredoxin domain protein	79.7	39.7	LC667450_00120
vB_BceS_LY4_31	Glutaredoxin-like protein NrdH	79.7	39.7	LC592711_00120
vB_BceS_LY4_31	Glutaredoxin-like protein NrdH	79.7	38.1	AP014693_00115
vB_BceS_LY4_31	Glutaredoxin-like protein NrdH	64.6	45.1	MK721200_00022
vB_BceS_LY4_31	Glutaredoxin-like protein NrdH	75.9	43.3	MW291023_00034
vB_BceS_LY4_31	Glutaredoxin-like protein NrdH	75.9	43.3	MT114165_00035
vB_BceS_LY4_31	Glutaredoxin-like protein NrdH	75.9	43.3	MK801726_00035
vB_BceS_LY4_31	Glutaredoxin-like protein NrdH	75.9	43.3	MK359320_00035
vB_BceS_LY4_31	Glutaredoxin-like protein NrdH	75.9	43.3	MH536820_00033
vB_BceS_LY4_31	Glutaredoxin-like protein NrdH	75.9	43.3	MH399774_00035
vB_BceS_LY4_31	Glutaredoxin-like protein NrdH	75.9	43.3	MG099953_00035
vB_BceS_LY4_31	Glutaredoxin-like protein NrdH	75.9	43.3	KT222942_00034
vB_BceS_LY4_31	Glutaredoxin-like protein NrdH	75.9	43.3	KR080204_00035
vB_BceS_LY4_31	Glutaredoxin-like protein NrdH	75.9	43.3	KF493883_00034
vB_BceS_LY4_31	Glutaredoxin-like protein NrdH	75.9	43.3	KF024732_00034
vB_BceS_LY4_31	Glutaredoxin-like protein NrdH	75.9	43.3	JF937106_00034
vB_BceS_LY4_31	Glutaredoxin-like protein NrdH	75.9	43.3	JF937096_00036
vB_BceS_LY4_32	hypothetical protein	98.5	59.4	KX227760_00047
vB_BceS_LY4_32	hypothetical protein	98.5	59.4	KX227757_00046
vB_BceS_LY4_32	hypothetical protein	98.5	59.4	KT725776_00016
vB_BceS_LY4_32	hypothetical protein	93.8	55.7	KT372714_00038
vB_BceS_LY4_32	hypothetical protein	86.2	35.7	MN065183_00021
vB_BceS_LY4_34	hypothetical protein	66.2	38.9	OP341628_00033
vB_BceS_LY4_34	hypothetical protein	66.2	37.9	OP341626_00036
vB_BceS_LY4_34	hypothetical protein	66.2	38.9	OP341624_00035
vB_BceS_LY4_34	hypothetical protein	95.0	57.6	EU874396_00016
vB_BceS_LY4_34	hypothetical protein	63.3	36.0	OK500002_00018
vB_BceS_LY4_34	hypothetical protein	65.5	43.2	GU229986_00062
vB_BceS_LY4_34	hypothetical protein	65.5	43.2	KX227759_00066
vB_BceS_LY4_34	hypothetical protein	65.5	43.2	KX227758_00075
vB_BceS_LY4_34	hypothetical protein	65.5	42.1	EU874396_00015
vB_BceS_LY4_34	hypothetical protein	63.3	32.6	MG584725_00003
vB_BceS_LY4_34	hypothetical protein	58.3	39.3	KT626446_00052
vB_BceS_LY4_34	hypothetical protein	66.2	34.4	OP341630_00036
vB_BceS_LY4_34	hypothetical protein	61.9	34.9	KT970645_00043
vB_BceS_LY4_34	hypothetical protein	64.7	38.9	KT852578_00044
vB_BceS_LY4_34	hypothetical protein	59.0	39.0	OP503988_00067
vB_BceS_LY4_34	hypothetical protein	59.0	39.0	OP503987_00067
vB_BceS_LY4_34	hypothetical protein	59.0	39.0	OP503986_00067
vB_BceS_LY4_34	hypothetical protein	59.0	39.0	OP503985_00067
vB_BceS_LY4_34	hypothetical protein	59.0	39.0	OP503984_00065
vB_BceS_LY4_34	hypothetical protein	59.0	39.0	OP503983_00067
vB_BceS_LY4_34	hypothetical protein	59.0	39.0	OP503982_00068
vB_BceS_LY4_34	hypothetical protein	59.0	39.0	OP503981_00067
vB_BceS_LY4_35	hypothetical protein	64.5	47.6	EU874396_00016
vB_BceS_LY4_35	hypothetical protein	41.9	58.5	EU874396_00014
vB_BceS_LY4_35	hypothetical protein	41.9	58.5	GU229986_00061
vB_BceS_LY4_35	hypothetical protein	41.9	58.5	KX227759_00065
vB_BceS_LY4_35	hypothetical protein	41.9	58.5	KX227758_00074
vB_BceS_LY4_35	hypothetical protein	71.8	43.2	GU229986_00063
vB_BceS_LY4_35	hypothetical protein	71.8	43.2	KX227759_00067
vB_BceS_LY4_35	hypothetical protein	71.8	43.2	KX227758_00076
vB_BceS_LY4_35	hypothetical protein	66.1	41.2	KX190833_00031
vB_BceS_LY4_35	hypothetical protein	66.9	39.8	MK759918_00047
vB_BceS_LY4_35	hypothetical protein	75.8	38.5	MG784342_00011
vB_BceS_LY4_35	hypothetical protein	75.8	37.5	MH598512_00010
vB_BceS_LY4_35	hypothetical protein	66.9	35.7	KF296717_00019
vB_BceS_LY4_35	hypothetical protein	66.9	35.7	JX887877_00020
vB_BceS_LY4_35	hypothetical protein	70.2	36.0	JQ619704_00046
vB_BceS_LY4_35	hypothetical protein	74.2	33.3	KT626446_00052
vB_BceS_LY4_35	hypothetical protein	73.4	32.1	KT852578_00044
vB_BceS_LY4_35	hypothetical protein	66.9	31.7	OP066531_00041
vB_BceS_LY4_35	hypothetical protein	64.5	33.7	MT136606_00039
vB_BceS_LY4_35	hypothetical protein	74.2	34.3	MH454081_00062
vB_BceS_LY4_35	hypothetical protein	74.2	34.3	MH431930_00062
vB_BceS_LY4_36	hypothetical protein	34.4	58.5	GU229986_00062
vB_BceS_LY4_36	hypothetical protein	34.4	58.5	KX227759_00066
vB_BceS_LY4_36	hypothetical protein	34.4	58.5	KX227758_00075
vB_BceS_LY4_36	hypothetical protein	34.4	58.5	EU874396_00015
vB_BceS_LY4_36	hypothetical protein	87.7	29.4	MT136606_00039
vB_BceS_LY4_36	hypothetical protein	28.6	52.3	GU229986_00063
vB_BceS_LY4_36	hypothetical protein	28.6	52.3	KX227759_00067
vB_BceS_LY4_36	hypothetical protein	28.6	52.3	KX227758_00076
vB_BceS_LY4_36	hypothetical protein	87.0	29.7	KT626446_00052
vB_BceS_LY4_36	hypothetical protein	87.0	28.9	KX190833_00031
vB_BceS_LY4_36	hypothetical protein	97.4	27.2	MK759918_00047
vB_BceS_LY4_36	hypothetical protein	90.3	26.8	MK843319_00049
vB_BceS_LY4_36	hypothetical protein	90.3	26.8	KJ920400_00019
vB_BceS_LY4_36	hypothetical protein	90.3	26.8	KT970646_00049
vB_BceS_LY4_36	hypothetical protein	87.7	27.9	KT970645_00043
vB_BceS_LY4_36	hypothetical protein	27.3	50.0	KT970645_00037
vB_BceS_LY4_36	hypothetical protein	87.0	28.9	KT852578_00044
vB_BceS_LY4_36	hypothetical protein	94.2	27.3	KX190834_00017
vB_BceS_LY4_36	hypothetical protein	94.2	27.3	EU887664_00039
vB_BceS_LY4_36	hypothetical protein	92.9	25.2	KF296717_00019
vB_BceS_LY4_36	hypothetical protein	92.9	25.2	JX887877_00020
vB_BceS_LY4_37	hypothetical protein	90.1	36.6	KT970645_00043
vB_BceS_LY4_37	hypothetical protein	91.5	36.1	MH487649_00101
vB_BceS_LY4_37	hypothetical protein	91.5	36.1	KX987999_00044
vB_BceS_LY4_37	hypothetical protein	91.5	36.1	KT187252_00102
vB_BceS_LY4_37	hypothetical protein	91.5	36.1	JN797798_00083
vB_BceS_LY4_37	hypothetical protein	91.5	36.1	JN797797_00109
vB_BceS_LY4_37	hypothetical protein	60.6	43.0	MG584725_00003
vB_BceS_LY4_37	hypothetical protein	93.7	32.9	KF296717_00019
vB_BceS_LY4_37	hypothetical protein	93.7	32.9	JX887877_00020
vB_BceS_LY4_37	hypothetical protein	60.6	43.0	OK500002_00018
vB_BceS_LY4_37	hypothetical protein	93.7	36.7	MH454081_00062
vB_BceS_LY4_37	hypothetical protein	93.7	36.7	MH431930_00062
vB_BceS_LY4_37	hypothetical protein	93.0	32.7	KT852578_00042
vB_BceS_LY4_37	hypothetical protein	93.7	35.3	OP503988_00067
vB_BceS_LY4_37	hypothetical protein	93.7	35.3	OP503987_00067
vB_BceS_LY4_37	hypothetical protein	93.7	35.3	OP503986_00067
vB_BceS_LY4_37	hypothetical protein	93.7	35.3	OP503985_00067
vB_BceS_LY4_37	hypothetical protein	93.7	35.3	OP503984_00065
vB_BceS_LY4_37	hypothetical protein	93.7	35.3	OP503983_00067
vB_BceS_LY4_37	hypothetical protein	93.7	35.3	OP503982_00068
vB_BceS_LY4_37	hypothetical protein	93.7	35.3	OP503981_00067
vB_BceS_LY4_38	hypothetical protein	94.7	57.3	MG710484_00043
vB_BceS_LY4_38	hypothetical protein	94.7	57.3	KT967075_00043
vB_BceS_LY4_38	hypothetical protein	94.7	57.3	HE614282_00045
vB_BceS_LY4_38	hypothetical protein	94.7	57.3	HE614281_00045
vB_BceS_LY4_38	hypothetical protein	94.7	57.3	JN191664_00041
vB_BceS_LY4_38	hypothetical protein	94.7	55.1	KF296718_00041
vB_BceS_LY4_38	hypothetical protein	94.7	55.1	JQ062992_00017
vB_BceS_LY4_38	hypothetical protein	94.7	46.7	MG584725_00004
vB_BceS_LY4_38	hypothetical protein	94.7	45.6	OK500002_00017
vB_BceS_LY4_38	hypothetical protein	94.7	45.6	KT725776_00012
vB_BceS_LY4_38	hypothetical protein	94.7	46.7	KT372714_00036
vB_BceS_LY4_38	hypothetical protein	94.7	45.6	KX227760_00043
vB_BceS_LY4_38	hypothetical protein	94.7	45.6	KX227757_00042
vB_BceS_LY4_40	hypothetical protein	93.7	28.1	MK843319_00042
vB_BceS_LY4_40	hypothetical protein	93.7	28.1	KJ920400_00026
vB_BceS_LY4_40	hypothetical protein	93.7	28.1	KT970646_00042
vB_BceS_LY4_40	hypothetical protein	93.7	26.8	KJ024807_00046
vB_BceS_LY4_41	DnaC-like helicase loader	99.6	100.0	KX227759_00060
vB_BceS_LY4_41	DnaC-like helicase loader	99.6	100.0	KX227758_00069
vB_BceS_LY4_41	DnaC-like helicase loader	99.6	99.6	EU874396_00009
vB_BceS_LY4_41	DnaC-like helicase loader	99.6	99.6	GU229986_00056
vB_BceS_LY4_41	DnaC-like helicase loader	99.6	96.4	OK500002_00014
vB_BceS_LY4_41	Primosomal protein DnaI	99.6	96.4	MG584725_00007
vB_BceS_LY4_41	Primosomal protein DnaI	99.3	95.6	KX227760_00040
vB_BceS_LY4_41	Primosomal protein DnaI	99.3	95.6	KX227757_00039
vB_BceS_LY4_41	DnaC-like helicase loader	85.5	48.3	KT001911_00037
vB_BceS_LY4_41	DnaC-like helicase loader	85.5	49.0	KP411017_00035
vB_BceS_LY4_41	DNA replication protein DnaC	72.5	52.2	KM236248_00036
vB_BceS_LY4_41	DnaC-like helicase loader	84.1	33.9	MZ501271_00038
vB_BceS_LY4_41	DnaC-like helicase loader	85.5	33.1	KU160495_00004
vB_BceS_LY4_41	DnaC-like helicase loader	93.8	30.7	KY653116_00020
vB_BceS_LY4_41	DnaC-like helicase loader	71.0	35.4	KY653120_00019
vB_BceS_LY4_41	DnaC-like helicase loader	75.4	34.3	MT423824_00032
vB_BceS_LY4_41	DnaC-like helicase loader	75.4	34.3	MT423823_00034
vB_BceS_LY4_41	DnaC-like helicase loader	75.4	34.3	KX827371_00023
vB_BceS_LY4_41	DnaC-like helicase loader	78.6	32.8	MN065183_00016
vB_BceS_LY4_41	unannotated protein	70.3	35.0	OP966821_00053
vB_BceS_LY4_41	DnaC-like helicase loader	71.0	35.4	MZ417353_00020
vB_BceS_LY4_41	DnaC-like helicase loader	71.0	34.8	MW364971_00048
vB_BceS_LY4_41	DnaC-like helicase loader	61.2	38.8	KJ094022_00002
vB_BceS_LY4_41	DnaC-like helicase loader	71.0	34.3	MW364972_00048
vB_BceS_LY4_41	DnaC-like helicase loader	71.0	33.8	KY653117_00022
vB_BceS_LY4_42	DnaD-like helicase loader	99.6	100.0	GU229986_00055
vB_BceS_LY4_42	DnaD-like helicase loader	99.6	100.0	KX227759_00059
vB_BceS_LY4_42	DnaD-like helicase loader	99.6	100.0	KX227758_00068
vB_BceS_LY4_42	DnaD-like helicase loader	99.6	92.7	EU874396_00008
vB_BceS_LY4_42	DnaD-like helicase loader	59.8	58.5	OK500002_00013
vB_BceS_LY4_42	DnaD-like helicase loader	40.2	77.8	MG584725_00008
vB_BceS_LY4_42	DnaD-like helicase loader	42.3	73.1	KX227760_00039
vB_BceS_LY4_42	DnaD-like helicase loader	42.3	73.1	KX227757_00038
vB_BceS_LY4_42	DnaD-like helicase loader	31.7	73.1	KT372714_00032
vB_BceS_LY4_42	DnaD-like helicase loader	39.8	45.7	OP341623_00039
vB_BceS_LY4_42	DnaD-like helicase loader	90.2	26.3	CP063417_00075
vB_BceS_LY4_42	replisome organizer DnaA-like protein	31.3	46.2	OP341628_00040
vB_BceS_LY4_42	replisome organizer DnaA-like protein	31.3	46.2	OP341626_00042
vB_BceS_LY4_42	replisome organizer DnaA-like protein	31.3	44.9	OP341627_00039
vB_BceS_LY4_42	DnaD-like helicase loader	73.2	30.0	MK075005_00023
vB_BceS_LY4_42	DnaD-like helicase loader	32.5	43.9	KX965989_00019
vB_BceS_LY4_42	replication initiation protein	39.8	39.4	GU949551_00042
vB_BceS_LY4_42	DnaD-like helicase loader	38.2	41.1	KP411017_00034
vB_BceS_LY4_42	replisome organizer DnaA-like protein	30.5	43.4	GU233956_00034
vB_BceS_LY4_42	replication initiation protein	37.0	40.2	KX905163_00057
vB_BceS_LY4_42	DnaD-like helicase loader	32.1	42.5	KM236247_00035
vB_BceS_LY4_42	replisome organizer	31.3	40.3	DQ394810_00013
vB_BceS_LY4_42	replisome organizer	31.3	40.3	DQ394809_00015
vB_BceS_LY4_42	replisome organizer DnaA-like protein	30.9	40.3	DQ453159_00038
vB_BceS_LY4_42	DnaD-like helicase loader	33.7	39.8	AF242738_00013
vB_BceS_LY4_44	hypothetical protein	94.9	37.5	MF595878_00017
vB_BceS_LY4_44	hypothetical protein	86.4	38.5	MF893271_00032
vB_BceS_LY4_45	hypothetical protein	93.5	53.5	KX227759_00056
vB_BceS_LY4_45	hypothetical protein	93.5	53.5	KX227758_00065
vB_BceS_LY4_47	anti-repressor Ant	95.8	45.9	MG543995_00141
vB_BceS_LY4_47	unannotated protein	93.9	41.1	OP172679_00023
vB_BceS_LY4_47	anti-repressor Ant	65.2	52.3	AY954958_00037
vB_BceS_LY4_47	anti-repressor Ant	94.7	43.5	KY389064_00006
vB_BceS_LY4_47	anti-repressor Ant	98.5	38.0	MF547663_00026
vB_BceS_LY4_47	anti-repressor Ant	98.5	38.0	MF547662_00026
vB_BceS_LY4_47	anti-repressor Ant	90.2	40.9	MH341451_00037
vB_BceS_LY4_47	anti-repressor Ant	90.2	40.9	DQ003642_00037
vB_BceS_LY4_47	anti-repressor Ant	96.6	38.3	KJ564036_00036
vB_BceS_LY4_47	anti-repressor Ant	93.9	38.1	MH837542_00009
vB_BceS_LY4_47	anti-repressor Ant	96.6	39.8	LK985322_00055
vB_BceS_LY4_47	anti-repressor Ant	95.5	38.3	MK448845_00006
vB_BceS_LY4_47	anti-repressor Ant	93.9	38.5	MK448890_00012
vB_BceS_LY4_47	anti-repressor Ant	95.5	37.9	MK448973_00006
vB_BceS_LY4_47	anti-repressor Ant	95.5	37.9	MK448778_00006
vB_BceS_LY4_47	anti-repressor Ant	96.6	38.3	KF188410_00041
vB_BceS_LY4_47	unannotated protein	93.9	36.5	OP869849_00034
vB_BceS_LY4_47	unannotated protein	93.9	36.1	OP172675_00043
vB_BceS_LY4_47	unannotated protein	93.9	36.1	OP172676_00043
vB_BceS_LY4_47	anti-repressor Ant	84.8	39.2	MH837543_00051
vB_BceS_LY4_47	anti-repressor Ant	89.8	37.9	FJ008913_00033
vB_BceS_LY4_47	anti-repressor Ant	94.7	37.8	OP503990_00042
vB_BceS_LY4_47	anti-repressor Ant	94.7	37.8	OP503989_00042
vB_BceS_LY4_47	anti-repressor Ant	94.7	37.8	MW927519_00036
vB_BceS_LY4_47	anti-repressor Ant	94.7	37.8	MW927518_00040
vB_BceS_LY4_48	transcriptional repressor	70.3	50.0	DQ340064_00046
vB_BceS_LY4_48	transcriptional regulator	64.9	54.2	KT725776_00005
vB_BceS_LY4_48	unannotated protein	77.0	43.9	OP869850_00036
vB_BceS_LY4_48	unannotated protein	77.0	42.1	OP869854_00023
vB_BceS_LY4_48	transcriptional repressor	77.0	42.1	KR905069_00034
vB_BceS_LY4_48	transcriptional regulator	73.0	43.6	JF412300_00018
vB_BceS_LY4_48	transcriptional repressor	85.1	33.8	KY653126_00008
vB_BceS_LY4_48	transcriptional repressor	74.3	38.2	KC595517_00046
vB_BceS_LY4_48	transcriptional repressor	74.3	38.2	KC595515_00053
vB_BceS_LY4_48	transcriptional repressor	74.3	38.2	KC595514_00053
vB_BceS_LY4_48	transcriptional repressor	83.8	43.5	OM334891_00030
vB_BceS_LY4_49	transcriptional regulator	96.6	45.6	KT372714_00028
vB_BceS_LY4_49	HTH-type transcriptional regulator Xre	95.8	46.9	KT725776_00004
vB_BceS_LY4_49	transcriptional regulator	97.5	42.6	OK500002_00007
vB_BceS_LY4_49	HTH-type transcriptional regulator Xre	99.2	41.9	MG584725_00012
vB_BceS_LY4_49	transcriptional regulator	88.1	44.2	MF595878_00007
vB_BceS_LY4_49	transcriptional regulator	77.1	41.8	MN065183_00008
vB_BceS_LY4_49	transcriptional regulator	82.2	37.1	JQ062992_00007
vB_BceS_LY4_49	transcriptional regulator	77.1	41.8	OK499979_00029
vB_BceS_LY4_49	transcriptional regulator	77.1	41.8	KY963371_00032
vB_BceS_LY4_49	transcriptional regulator	77.1	41.8	MK085976_00029
vB_BceS_LY4_49	transcriptional regulator	77.1	40.7	MT745954_00031
vB_BceS_LY4_49	transcriptional regulator	77.1	40.7	DQ289555_00029
vB_BceS_LY4_49	transcriptional regulator	77.1	40.7	KY963370_00030
vB_BceS_LY4_49	transcriptional regulator	77.1	40.7	DQ150593_00029
vB_BceS_LY4_49	unannotated protein	53.4	47.6	OP869854_00024
vB_BceS_LY4_49	unannotated protein	53.4	47.6	OP869850_00037
vB_BceS_LY4_49	transcriptional regulator	97.5	35.3	MH341452_00032
vB_BceS_LY4_49	transcriptional regulator	77.1	39.6	MT745955_00030
vB_BceS_LY4_49	transcriptional regulator	77.1	39.6	MT745956_00031
vB_BceS_LY4_49	transcriptional regulator	77.1	39.6	OK499999_00029
vB_BceS_LY4_49	transcriptional regulator	77.1	39.6	KY963369_00032
vB_BceS_LY4_49	HTH-type transcriptional regulator ImmR	78.8	35.3	MG969427_00050
vB_BceS_LY4_49	HTH-type transcriptional regulator ImmR	53.4	46.0	KR905069_00033
vB_BceS_LY4_49	transcriptional regulator	51.7	50.8	CP067347_00153
vB_BceS_LY4_49	transcriptional regulator	99.2	32.5	KF296718_00032
vB_BceS_LY4_51	hypothetical protein	94.3	48.0	OK500002_00005
vB_BceS_LY4_52	transcriptional regulator	99.2	40.8	MK843319_00032
vB_BceS_LY4_52	transcriptional regulator	99.2	40.8	KJ920400_00036
vB_BceS_LY4_52	transcriptional regulator	99.2	40.8	KT970646_00032
vB_BceS_LY4_52	transcriptional regulator	99.2	40.8	KJ024807_00037
vB_BceS_LY4_52	transcriptional regulator	99.7	34.2	OK500002_00004
vB_BceS_LY4_52	transcriptional regulator	99.5	29.9	KT372714_00025
vB_BceS_LY4_52	transcriptional regulator	93.4	31.8	KX227759_00048
vB_BceS_LY4_52	transcriptional regulator	93.4	31.8	KX227758_00057
vB_BceS_LY4_52	SPbeta prophage-derived uncharacterized protein YopK	98.0	29.1	MG584725_00015
vB_BceS_LY4_52	transcriptional regulator	98.5	25.4	MK759918_00036
vB_BceS_LY4_52	transcriptional regulator	99.0	26.6	EU874396_00077
vB_BceS_LY4_52	transcriptional regulator	99.0	26.6	GU229986_00044
vB_BceS_LY4_52	transcriptional regulator	98.2	26.8	KX190833_00015
vB_BceS_LY4_52	transcriptional regulator	97.5	25.4	JQ062992_00004
vB_BceS_LY4_52	transcriptional regulator	91.2	22.0	KY963371_00030
vB_BceS_LY4_53	transcriptional regulator	99.1	91.2	OK500002_00003
vB_BceS_LY4_53	transcriptional regulator	96.5	61.3	KX227759_00047
vB_BceS_LY4_53	transcriptional regulator	96.5	61.3	KX227758_00056
vB_BceS_LY4_53	transcriptional regulator	67.8	40.2	KJ024807_00036
vB_BceS_LY4_53	transcriptional repressor	53.0	50.8	KP836355_00060
vB_BceS_LY4_53	unannotated protein	62.6	42.2	OP172779_00041
vB_BceS_LY4_53	transcriptional regulator	61.7	43.7	ON528935_00034
vB_BceS_LY4_53	transcriptional regulator	93.0	34.6	AY855346_00050
vB_BceS_LY4_53	transcriptional regulator	93.0	34.6	LK985322_00050
vB_BceS_LY4_53	HTH-type transcriptional regulator Xre	59.1	39.7	JN638751_00063
vB_BceS_LY4_53	transcriptional regulator	53.0	45.9	KM983332_00059
vB_BceS_LY4_53	transcriptional regulator	53.0	45.9	KM983328_00064
vB_BceS_LY4_53	transcriptional regulator	59.1	42.6	OM236514_00033
vB_BceS_LY4_53	transcriptional regulator	59.1	42.6	HM072038_00032
vB_BceS_LY4_53	transcriptional regulator	59.1	42.6	AB016282_00036
vB_BceS_LY4_53	transcriptional regulator	85.2	37.8	LN681534_00038
vB_BceS_LY4_53	transcriptional regulator	53.0	44.3	MN830259_00025
vB_BceS_LY4_53	transcriptional regulator	88.7	28.0	KT372714_00028
vB_BceS_LY4_53	HTH-type transcriptional regulator ImmR	53.0	44.3	DQ340064_00045
vB_BceS_LY4_53	transcriptional regulator	52.2	43.3	KP836356_00016
vB_BceS_LY4_53	transcriptional regulator	52.2	43.3	KP836355_00077
vB_BceS_LY4_53	transcriptional regulator	95.7	30.4	CP067347_00128
vB_BceS_LY4_53	HTH-type transcriptional regulator Xre	56.5	38.5	MT210152_00042
vB_BceS_LY4_53	transcriptional regulator	94.8	30.2	MZ361826_00058
vB_BceS_LY4_53	transcriptional regulator	94.8	30.2	MZ361825_00041
vB_BceS_LY4_54	hypothetical protein	64.1	69.7	ON548420_00279
vB_BceS_LY4_54	hypothetical protein	64.1	68.4	ON548421_00220
vB_BceS_LY4_54	hypothetical protein	59.8	48.6	AY375531_00083
vB_BceS_LY4_54	hypothetical protein	59.8	48.6	KY290958_00085
vB_BceS_LY4_54	hypothetical protein	59.8	48.6	KY290957_00086
vB_BceS_LY4_54	hypothetical protein	59.8	48.6	KY290948_00083
vB_BceS_LY4_54	hypothetical protein	59.8	48.6	KY290951_00083
vB_BceS_LY4_54	hypothetical protein	59.8	48.6	AY962392_00083
vB_BceS_LY4_54	hypothetical protein	50.4	54.2	MN871507_00061
vB_BceS_LY4_54	hypothetical protein	50.4	54.2	MK577502_00145
vB_BceS_LY4_54	hypothetical protein	59.8	47.1	KY290956_00085
vB_BceS_LY4_54	hypothetical protein	49.6	53.4	MK075003_00005
vB_BceS_LY4_54	hypothetical protein	50.4	52.5	ON042478_00149
vB_BceS_LY4_54	hypothetical protein	50.4	47.5	DQ529280_00077
vB_BceS_LY4_54	hypothetical protein	50.4	47.5	MH179477_00094
vB_BceS_LY4_54	hypothetical protein	42.7	52.0	LR596903_00034
vB_BceS_LY4_54	hypothetical protein	50.4	45.8	OL840900_00185
vB_BceS_LY4_54	hypothetical protein	50.4	45.8	MH179476_00044
vB_BceS_LY4_54	hypothetical protein	50.4	45.8	MF479730_00185
vB_BceS_LY4_54	hypothetical protein	50.4	45.8	JX306041_00088
vB_BceS_LY4_54	hypothetical protein	50.4	45.8	HM452125_00197
vB_BceS_LY4_54	hypothetical protein	43.6	52.9	LR596902_00068
vB_BceS_LY4_54	hypothetical protein	48.7	42.1	MH884512_00038
vB_BceS_LY4_54	hypothetical protein	50.4	41.7	MW423738_00009
vB_BceS_LY4_55	putative lipoprotein YjhA	51.1	43.8	MK843319_00031
vB_BceS_LY4_55	putative lipoprotein YjhA	51.1	43.8	KJ920400_00037
vB_BceS_LY4_55	putative lipoprotein YjhA	51.1	43.8	KT970646_00031
vB_BceS_LY4_56	Tn3 family transposase ISShes11	82.2	47.6	MH422554_00111
vB_BceS_LY4_56	Tn3 family transposase TnAs3	82.2	47.6	MH445380_00089
vB_BceS_LY4_56	transposase	82.2	48.4	AB571791_00010
vB_BceS_LY4_56	Tn3 family transposase TnAs1	82.2	51.6	KU760857_00057
vB_BceS_LY4_56	Tn3 family transposase TnAs1	82.2	51.6	MH445380_00123
vB_BceS_LY4_56	Tn3 family transposase Tn2	82.2	37.3	AF503408_00005
vB_BceS_LY4_56	Tn3 family transposase TnBth1	79.6	38.5	KJ024807_00067
vB_BceS_LY4_57	replication protein	99.8	98.9	EU874396_00073
vB_BceS_LY4_57	replication protein	99.8	98.5	GU229986_00040
vB_BceS_LY4_57	replication protein	94.0	99.8	KX227759_00043
vB_BceS_LY4_57	replication protein	94.0	99.8	KX227758_00052
vB_BceS_LY4_57	replication protein	91.2	30.4	MK504446_00159
vB_BceS_LY4_57	replication protein	91.2	30.6	MK504443_00165
vB_BceS_LY4_57	replication protein	91.2	28.4	OM293948_00041
vB_BceS_LY4_58	partition protein	99.7	99.4	EU874396_00072
vB_BceS_LY4_58	partition protein	99.7	99.4	GU229986_00039
vB_BceS_LY4_58	partition protein	99.7	99.4	KX227759_00042
vB_BceS_LY4_58	partition protein	99.7	99.4	KX227758_00051
vB_BceS_LY4_58	partition protein	99.7	98.0	MK843319_00027
vB_BceS_LY4_58	partition protein	99.7	98.0	KJ920400_00041
vB_BceS_LY4_58	partition protein	99.7	98.0	KT970646_00027
vB_BceS_LY4_58	partition protein	99.7	96.8	KJ024807_00029
vB_BceS_LY4_58	partition protein	73.0	27.0	FJ230960_00126
vB_BceS_LY4_58	partition protein	73.0	27.0	MZ751040_00132
vB_BceS_LY4_58	partition protein	73.0	27.0	MT601271_00132
vB_BceS_LY4_58	partition protein	73.0	27.0	OM236513_00146
vB_BceS_LY4_58	partition protein	73.0	26.6	MT601270_00132
vB_BceS_LY4_58	partition protein	73.0	27.0	KY368639_00127
vB_BceS_LY4_58	partition protein	73.0	27.0	KF669649_00129
vB_BceS_LY4_58	partition protein	73.0	27.0	MW001214_00138
vB_BceS_LY4_58	partition protein	61.9	27.2	KF554508_00077
vB_BceS_LY4_58	partition protein	94.8	23.6	KC595513_00143
vB_BceS_LY4_58	partition protein	94.8	23.6	KC595512_00139
vB_BceS_LY4_58	partition protein	71.2	25.7	MK533143_00024
vB_BceS_LY4_62	hypothetical protein	92.0	46.4	KC595516_00036
vB_BceS_LY4_62	hypothetical protein	88.0	34.8	OP341629_00020
vB_BceS_LY4_62	hypothetical protein	89.3	31.3	DQ840344_00035
vB_BceS_LY4_62	hypothetical protein	89.3	29.9	MG710484_00021
vB_BceS_LY4_62	hypothetical protein	89.3	29.9	KT967075_00021
vB_BceS_LY4_62	hypothetical protein	89.3	29.9	HE614282_00025
vB_BceS_LY4_62	hypothetical protein	89.3	29.9	HE614281_00025
vB_BceS_LY4_62	hypothetical protein	89.3	29.9	JN191664_00021
vB_BceS_LY4_63	endolysin	99.6	94.4	GU233956_00020
vB_BceS_LY4_63	endolysin	98.9	74.5	MZ384014_00028
vB_BceS_LY4_63	endolysin	99.3	74.6	MT777452_00038
vB_BceS_LY4_63	endolysin	99.3	74.6	KY947509_00037
vB_BceS_LY4_63	endolysin	99.3	74.6	MW348917_00034
vB_BceS_LY4_63	endolysin	99.3	74.6	MF156577_00029
vB_BceS_LY4_63	endolysin	99.3	74.6	KX349900_00035
vB_BceS_LY4_63	endolysin	99.3	74.6	KX961631_00034
vB_BceS_LY4_63	endolysin	99.3	74.6	MN082624_00036
vB_BceS_LY4_63	endolysin	99.3	74.6	MF156578_00036
vB_BceS_LY4_63	unannotated protein	99.3	73.9	MK310228_00008
vB_BceS_LY4_63	endolysin	99.3	73.9	MH817022_00033
vB_BceS_LY4_63	endolysin	99.3	73.9	KX349899_00033
vB_BceS_LY4_63	endolysin	99.3	73.5	KX349901_00029
vB_BceS_LY4_63	endolysin	99.3	73.1	OL744112_00029
vB_BceS_LY4_63	endolysin	99.3	73.1	MK084630_00030
vB_BceS_LY4_63	endolysin	99.3	73.1	MF156580_00030
vB_BceS_LY4_63	endolysin	99.3	72.8	MK284526_00039
vB_BceS_LY4_63	endolysin	99.6	72.1	KX190832_00029
vB_BceS_LY4_63	endolysin	98.9	71.5	MK284527_00037
vB_BceS_LY4_63	endolysin	98.9	71.5	MK284528_00039
vB_BceS_LY4_63	endolysin	99.3	70.5	MW012634_00037
vB_BceS_LY4_63	endolysin	99.6	71.7	MG710484_00019
vB_BceS_LY4_63	endolysin	99.6	71.7	KT967075_00019
vB_BceS_LY4_63	endolysin	99.6	71.7	HE614282_00023
vB_BceS_LY4_64	hypothetical protein	87.3	48.4	OM112209_00005
vB_BceS_LY4_64	hypothetical protein	94.4	39.2	LC597490_00064
vB_BceS_LY4_65	hypothetical protein	98.9	68.8	GU233956_00018
vB_BceS_LY4_65	unannotated protein	91.5	44.4	MZ092003_00046
vB_BceS_LY4_65	hypothetical protein	91.5	36.0	MW478292_00028
vB_BceS_LY4_65	hypothetical protein	91.5	36.0	MW478290_00019
vB_BceS_LY4_65	hypothetical protein	97.9	33.7	MF176161_00031
vB_BceS_LY4_65	hypothetical protein	94.7	32.3	OK247671_00026
vB_BceS_LY4_65	hypothetical protein	91.5	29.1	MW512571_00025
vB_BceS_LY4_65	hypothetical protein	91.5	29.1	LN681541_00034
vB_BceS_LY4_65	hypothetical protein	91.5	26.7	MW512572_00016
vB_BceS_LY4_66	hypothetical protein	91.7	65.9	KX965989_00071
vB_BceS_LY4_66	hypothetical protein	91.7	34.1	JQ619704_00024
vB_BceS_LY4_67	hypothetical protein	97.8	61.9	JQ619704_00023
vB_BceS_LY4_67	hypothetical protein	78.9	43.8	MG784342_00036
vB_BceS_LY4_67	hypothetical protein	78.9	43.8	MH598512_00037
vB_BceS_LY4_68	minor tail protein	99.8	49.2	EU874396_00061
vB_BceS_LY4_68	minor tail protein	99.8	49.2	GU229986_00028
vB_BceS_LY4_68	minor tail protein	93.7	41.6	KX227759_00031
vB_BceS_LY4_68	minor tail protein	99.4	36.8	JQ619704_00022
vB_BceS_LY4_68	minor tail protein	99.0	33.8	MH598512_00038
vB_BceS_LY4_68	minor tail protein	93.7	38.2	KX227758_00041
vB_BceS_LY4_68	minor tail protein	99.0	32.0	MG784342_00037
vB_BceS_LY4_68	minor tail protein	51.5	32.6	MH458951_00045
vB_BceS_LY4_68	hydrolase	40.4	35.4	MG983742_00011
vB_BceS_LY4_68	minor tail protein	28.1	36.4	KP696447_00041
vB_BceS_LY4_68	tail spike protein	27.3	36.8	KF669663_00042
vB_BceS_LY4_68	tail spike protein	22.8	40.4	KP696448_00041
vB_BceS_LY4_68	minor tail protein	29.5	34.7	KF669661_00043
vB_BceS_LY4_68	tail fiber protein	28.1	27.3	MT700412_00025
vB_BceS_LY4_68	minor tail protein	46.3	26.5	KX190835_00038
vB_BceS_LY4_68	minor tail protein	41.2	23.7	KX190832_00026
vB_BceS_LY4_68	minor tail protein	47.1	25.6	KT372714_00015
vB_BceS_LY4_68	minor tail protein	27.3	28.1	OM654379_00020
vB_BceS_LY4_68	tail fiber protein	24.8	25.2	LN681537_00038
vB_BceS_LY4_68	tail fiber protein	24.8	25.2	CP011970_00029
vB_BceS_LY4_68	minor tail protein	25.3	28.0	ON528935_00019
vB_BceS_LY4_68	tail fiber protein	24.8	25.2	CP067347_00169
vB_BceS_LY4_68	tail fiber protein	24.8	26.0	CP067352_00130
vB_BceS_LY4_68	minor tail protein	28.3	23.6	ON210835_00021
vB_BceS_LY4_68	minor tail protein	28.3	23.6	ON210834_00021
vB_BceS_LY4_69	minor head protein	99.9	96.3	EU874396_00060
vB_BceS_LY4_69	minor head protein	99.9	96.3	GU229986_00027
vB_BceS_LY4_69	minor head protein	99.9	96.1	KX227759_00030
vB_BceS_LY4_69	minor head protein	99.9	96.1	KX227758_00040
vB_BceS_LY4_69	minor head protein	99.4	49.0	GU233956_00015
vB_BceS_LY4_69	minor head protein	99.9	40.8	MW302330_00066
vB_BceS_LY4_69	minor head protein	99.9	40.8	KT725776_00051
vB_BceS_LY4_69	minor head protein	99.9	40.8	KX227760_00021
vB_BceS_LY4_69	minor head protein	99.9	40.8	KX227757_00021
vB_BceS_LY4_69	minor head protein	99.8	40.1	JQ062992_00050
vB_BceS_LY4_69	minor head protein	99.8	40.1	MG710484_00015
vB_BceS_LY4_69	minor head protein	99.8	40.1	KT967075_00015
vB_BceS_LY4_69	minor head protein	99.8	40.1	JN191664_00015
vB_BceS_LY4_69	minor head protein	99.8	34.3	HE614282_00019
vB_BceS_LY4_69	minor head protein	99.8	34.3	HE614281_00019
vB_BceS_LY4_69	minor head protein	99.8	34.5	KJ024807_00019
vB_BceS_LY4_69	minor head protein	99.8	34.1	MK843319_00017
vB_BceS_LY4_69	minor head protein	99.8	34.1	KT970646_00017
vB_BceS_LY4_69	minor head protein	93.9	33.9	KF296718_00020
vB_BceS_LY4_69	minor head protein	99.9	31.5	KY963370_00014
vB_BceS_LY4_69	minor head protein	99.9	32.0	DQ150593_00014
vB_BceS_LY4_69	minor head protein	99.9	32.0	DQ222855_00014
vB_BceS_LY4_69	minor head protein	99.9	32.0	DQ222853_00014
vB_BceS_LY4_69	minor head protein	99.9	31.2	OK499979_00014
vB_BceS_LY4_69	minor head protein	99.9	31.9	DQ222851_00014
vB_BceS_LY4_70	distal tail protein Dit	99.8	95.9	KX227759_00029
vB_BceS_LY4_70	distal tail protein Dit	99.8	95.9	KX227758_00039
vB_BceS_LY4_70	distal tail protein Dit	99.8	96.1	EU874396_00059
vB_BceS_LY4_70	distal tail protein Dit	99.8	96.1	GU229986_00026
vB_BceS_LY4_70	distal tail protein Dit	99.0	52.6	GU233956_00014
vB_BceS_LY4_70	distal tail protein Dit	96.8	47.6	MF176161_00026
vB_BceS_LY4_70	distal tail protein Dit	99.0	48.3	DQ289556_00013
vB_BceS_LY4_70	distal tail protein Dit	99.0	47.8	KY963370_00013
vB_BceS_LY4_70	distal tail protein Dit	99.0	47.9	MT745956_00014
vB_BceS_LY4_70	distal tail protein Dit	99.0	47.9	KY963369_00014
vB_BceS_LY4_70	distal tail protein Dit	99.0	47.6	MT745955_00013
vB_BceS_LY4_70	distal tail protein Dit	99.0	48.1	DQ289555_00013
vB_BceS_LY4_70	distal tail protein Dit	99.0	48.1	DQ222855_00013
vB_BceS_LY4_70	distal tail protein Dit	99.0	48.1	DQ222853_00013
vB_BceS_LY4_70	distal tail protein Dit	99.0	48.1	DQ222851_00013
vB_BceS_LY4_70	distal tail protein Dit	99.0	48.1	DQ150593_00013
vB_BceS_LY4_70	distal tail protein Dit	99.0	47.7	MT745954_00013
vB_BceS_LY4_70	distal tail protein Dit	99.0	47.9	OK499999_00013
vB_BceS_LY4_70	distal tail protein Dit	99.0	47.4	KX190833_00069
vB_BceS_LY4_70	distal tail protein Dit	99.0	47.7	OK499979_00013
vB_BceS_LY4_70	distal tail protein Dit	99.0	47.5	MK085976_00013
vB_BceS_LY4_70	distal tail protein Dit	96.3	47.1	KY963371_00014
vB_BceS_LY4_70	distal tail protein Dit	99.0	46.1	MW302330_00067
vB_BceS_LY4_70	distal tail protein Dit	99.0	45.9	KX227760_00020
vB_BceS_LY4_70	distal tail protein Dit	99.0	45.9	KX227757_00020
vB_BceS_LY4_71	tail length tape measure protein	99.9	74.1	KX227759_00028
vB_BceS_LY4_71	tail length tape measure protein	99.9	74.1	KX227758_00038
vB_BceS_LY4_71	tail length tape measure protein	99.9	65.1	MF176161_00025
vB_BceS_LY4_71	tail length tape measure protein	99.9	66.2	EU874396_00058
vB_BceS_LY4_71	tail length tape measure protein	99.9	65.5	GU229986_00025
vB_BceS_LY4_71	tail length tape measure protein	24.0	42.0	KT001912_00018
vB_BceS_LY4_71	tail length tape measure protein	28.5	34.0	MF893271_00015
vB_BceS_LY4_71	tail length tape measure protein	20.0	38.5	KJ159566_00013
vB_BceS_LY4_71	tail length tape measure protein	25.6	28.7	JQ619704_00017
vB_BceS_LY4_71	tail length tape measure protein	32.1	27.1	MH598512_00043
vB_BceS_LY4_71	tail length tape measure protein	32.1	27.1	MG784342_00042
vB_BceS_LY4_71	tail length tape measure protein	28.3	24.6	KX965989_00061
vB_BceS_LY4_71	tail length tape measure protein	8.8	33.6	KX190832_00023
vB_BceS_LY4_71	tail length tape measure protein	9.0	33.9	GU233956_00013
vB_BceS_LY4_71	tail length tape measure protein	9.5	31.5	MN234235_00025
vB_BceS_LY4_71	tail length tape measure protein	9.5	31.5	MN234200_00026
vB_BceS_LY4_71	tail length tape measure protein	8.8	30.4	MF919500_00026
vB_BceS_LY4_71	tail length tape measure protein	8.7	29.8	MT498066_00024
vB_BceS_LY4_71	tail length tape measure protein	8.7	29.8	MT498060_00024
vB_BceS_LY4_71	tail length tape measure protein	8.7	29.8	MN234203_00026
vB_BceS_LY4_71	tail length tape measure protein	8.7	29.8	MH697591_00024
vB_BceS_LY4_71	tail length tape measure protein	8.7	29.8	MH338234_00024
vB_BceS_LY4_71	tail length tape measure protein	8.7	29.8	KM591906_00024
vB_BceS_LY4_71	tail length tape measure protein	8.7	29.8	MF919531_00024
vB_BceS_LY4_71	tail length tape measure protein	8.7	29.8	KM463009_00025
vB_BceS_LY4_72	hypothetical protein	97.8	49.8	MF176161_00024
vB_BceS_LY4_72	hypothetical protein	93.7	47.3	JQ619704_00016
vB_BceS_LY4_72	hypothetical protein	97.8	42.1	MG784342_00043
vB_BceS_LY4_72	hypothetical protein	97.8	42.1	MH598512_00044
vB_BceS_LY4_72	hypothetical protein	86.1	31.7	KP399678_00015
vB_BceS_LY4_72	hypothetical protein	86.1	31.7	DQ003637_00015
vB_BceS_LY4_72	hypothetical protein	86.1	31.9	MZ361827_00028
vB_BceS_LY4_72	hypothetical protein	86.1	31.9	MZ361826_00014
vB_BceS_LY4_72	hypothetical protein	86.1	31.9	MZ361825_00015
vB_BceS_LY4_72	hypothetical protein	86.1	31.9	KJ094022_00038
vB_BceS_LY4_72	hypothetical protein	86.1	31.4	AJ242593_00015
vB_BceS_LY4_72	hypothetical protein	86.1	31.4	ON456151_00011
vB_BceS_LY4_72	hypothetical protein	86.1	32.2	MH341452_00015
vB_BceS_LY4_72	hypothetical protein	85.2	33.3	MH884512_00029
vB_BceS_LY4_72	unannotated protein	90.1	34.0	OP455937_00041
vB_BceS_LY4_72	hypothetical protein	86.5	31.8	MK448982_00046
vB_BceS_LY4_72	hypothetical protein	87.0	29.6	MK448714_00043
vB_BceS_LY4_72	hypothetical protein	87.0	29.6	MK448878_00048
vB_BceS_LY4_72	hypothetical protein	86.5	28.7	MK449009_00052
vB_BceS_LY4_72	hypothetical protein	86.5	28.7	MK448834_00050
vB_BceS_LY4_72	hypothetical protein	86.5	28.7	MW495853_00041
vB_BceS_LY4_73	hypothetical protein	99.3	63.4	KX227759_00026
vB_BceS_LY4_73	hypothetical protein	99.3	63.4	KX227758_00036
vB_BceS_LY4_73	hypothetical protein	99.3	39.3	MH598512_00045
vB_BceS_LY4_73	hypothetical protein	99.3	39.3	MG784342_00044
vB_BceS_LY4_73	hypothetical protein	94.8	26.6	MF176161_00023
vB_BceS_LY4_73	hypothetical protein	83.0	27.0	MH884512_00028
vB_BceS_LY4_74	major tail protein	99.3	97.9	KX227759_00025
vB_BceS_LY4_74	major tail protein	99.3	97.9	KX227758_00035
vB_BceS_LY4_74	major tail protein	99.3	97.2	EU874396_00055
vB_BceS_LY4_74	major tail protein	99.3	97.2	GU229986_00022
vB_BceS_LY4_74	major tail protein	96.5	58.3	MH598512_00046
vB_BceS_LY4_74	major tail protein	96.5	58.3	MG784342_00045
vB_BceS_LY4_74	major tail protein	98.6	55.3	JQ619704_00014
vB_BceS_LY4_74	major tail protein	96.5	58.3	MF176161_00022
vB_BceS_LY4_74	major tail protein	95.8	33.6	MH884512_00027
vB_BceS_LY4_74	major tail protein	97.2	33.8	X98106_00027
vB_BceS_LY4_74	major tail protein	91.6	33.6	MF041990_00047
vB_BceS_LY4_74	major tail protein	87.4	35.7	LT996081_00042
vB_BceS_LY4_74	major tail protein	87.4	35.7	LT996074_00004
vB_BceS_LY4_74	major tail protein	87.4	35.7	LT993225_00004
vB_BceS_LY4_74	major tail protein	87.4	35.7	LT985576_00049
vB_BceS_LY4_74	major tail protein	87.4	35.7	LT985575_00002
vB_BceS_LY4_74	major tail protein	87.4	35.7	KX456213_00042
vB_BceS_LY4_74	major tail protein	87.4	35.7	KX456210_00040
vB_BceS_LY4_74	major tail protein	87.4	35.7	KX456209_00042
vB_BceS_LY4_74	major tail protein	87.4	35.7	KX456208_00041
vB_BceS_LY4_74	major tail protein	87.4	35.7	KX456206_00040
vB_BceS_LY4_74	major tail protein	87.4	35.7	DQ394810_00040
vB_BceS_LY4_74	major tail protein	87.4	35.7	DQ394809_00042
vB_BceS_LY4_74	major tail protein	87.4	35.7	DQ394808_00043
vB_BceS_LY4_74	major tail protein	87.4	35.7	DQ394807_00043
vB_BceS_LY4_75	minor head protein	99.3	88.6	GU229986_00021
vB_BceS_LY4_75	minor head protein	99.3	85.7	EU874396_00054
vB_BceS_LY4_75	minor head protein	99.3	65.0	KX227759_00024
vB_BceS_LY4_75	minor head protein	99.3	65.0	KX227758_00034
vB_BceS_LY4_75	minor head protein	96.5	30.9	JQ619704_00013
vB_BceS_LY4_75	minor head protein	96.5	33.8	MG784342_00046
vB_BceS_LY4_75	minor head protein	96.5	33.1	MH598512_00047
vB_BceS_LY4_76	minor head protein	99.1	94.0	EU874396_00053
vB_BceS_LY4_76	minor head protein	99.1	89.7	GU229986_00019
vB_BceS_LY4_76	minor head protein	99.1	63.8	KX227759_00023
vB_BceS_LY4_76	minor head protein	99.1	63.8	KX227758_00033
vB_BceS_LY4_76	minor head protein	99.1	48.7	JQ619704_00012
vB_BceS_LY4_76	minor head protein	99.1	46.6	MF176161_00020
vB_BceS_LY4_76	minor head protein	99.1	45.3	MH598512_00048
vB_BceS_LY4_76	minor head protein	99.1	45.3	MG784342_00047
vB_BceS_LY4_76	minor head protein	92.3	48.1	MH884512_00025
vB_BceS_LY4_76	minor head protein	93.2	37.4	KC237729_00013
vB_BceS_LY4_76	minor head protein	93.2	36.5	MW478289_00011
vB_BceS_LY4_76	minor head protein	96.6	30.1	KP399678_00010
vB_BceS_LY4_76	minor head protein	96.6	29.2	ON456151_00006
vB_BceS_LY4_76	minor head protein	96.6	30.1	MH341452_00010
vB_BceS_LY4_76	minor head protein	96.6	29.2	KJ094022_00033
vB_BceS_LY4_76	minor head protein	96.6	29.2	AJ242593_00010
vB_BceS_LY4_76	minor head protein	96.6	29.2	MZ361827_00033
vB_BceS_LY4_76	minor head protein	96.6	29.2	MZ361826_00009
vB_BceS_LY4_76	minor head protein	96.6	29.2	MZ361825_00010
vB_BceS_LY4_76	minor head protein	96.6	29.2	DQ003637_00010
vB_BceS_LY4_76	minor head protein	93.2	32.1	MK448878_00044
vB_BceS_LY4_76	minor head protein	95.7	31.3	MK448875_00037
vB_BceS_LY4_76	minor head protein	95.7	31.3	MK448874_00042
vB_BceS_LY4_76	minor head protein	95.7	31.3	MK448898_00039
vB_BceS_LY4_76	minor head protein	95.7	27.7	FM163528_00042
vB_BceS_LY4_77	head-tail adaptor	99.2	97.5	EU874396_00052
vB_BceS_LY4_77	head-tail adaptor	99.2	97.5	GU229986_00018
vB_BceS_LY4_77	head-tail adaptor	99.2	80.5	KX227759_00022
vB_BceS_LY4_77	head-tail adaptor	99.2	80.5	KX227758_00032
vB_BceS_LY4_77	head-tail adaptor	94.1	42.9	JQ619704_00011
vB_BceS_LY4_77	head-tail adaptor	93.3	43.2	MH598512_00049
vB_BceS_LY4_77	head-tail adaptor	93.3	43.2	MG784342_00048
vB_BceS_LY4_77	head-tail adaptor	94.1	32.1	MF176161_00019
vB_BceS_LY4_77	head-tail adaptor	95.0	34.5	MH341452_00009
vB_BceS_LY4_77	head-tail adaptor	95.0	33.6	AJ242593_00009
vB_BceS_LY4_77	head-tail adaptor	95.0	34.5	MZ361827_00034
vB_BceS_LY4_77	head-tail adaptor	95.0	34.5	MZ361826_00008
vB_BceS_LY4_77	head-tail adaptor	95.0	34.5	MZ361825_00009
vB_BceS_LY4_77	head-tail adaptor	95.0	33.6	ON456151_00005
vB_BceS_LY4_77	head-tail adaptor	95.0	33.6	KP399678_00009
vB_BceS_LY4_77	head-tail adaptor	95.0	33.6	KJ094022_00032
vB_BceS_LY4_77	head-tail adaptor	95.0	31.9	DQ003637_00009
vB_BceS_LY4_77	head-tail adaptor	81.5	32.0	MK448982_00041
vB_BceS_LY4_78	head-tail adaptor	99.3	97.0	GU229986_00017
vB_BceS_LY4_78	head-tail adaptor	99.3	68.4	KX227759_00021
vB_BceS_LY4_78	head-tail adaptor	99.3	68.4	KX227758_00031
vB_BceS_LY4_78	head-tail adaptor	99.3	68.4	EU874396_00051
vB_BceS_LY4_78	head-tail adaptor	98.5	41.0	MG784342_00049
vB_BceS_LY4_78	head-tail adaptor	98.5	39.8	MH598512_00050
vB_BceS_LY4_78	head-tail adaptor	98.5	38.3	JQ619704_00010
vB_BceS_LY4_78	head-tail adaptor	94.0	33.3	MH884512_00023
vB_BceS_LY4_78	head-tail adaptor	56.0	38.7	MW478289_00009
vB_BceS_LY4_78	head-tail adaptor	56.0	37.3	KC237729_00011
vB_BceS_LY4_78	head-tail adaptor	99.3	27.6	DQ003637_00008
vB_BceS_LY4_78	head-tail adaptor	99.3	27.6	MH341452_00008
vB_BceS_LY4_78	head-tail adaptor	99.3	27.6	ON456151_00004
vB_BceS_LY4_78	head-tail adaptor	99.3	27.6	KJ094022_00031
vB_BceS_LY4_78	head-tail adaptor	99.3	26.9	MZ361827_00035
vB_BceS_LY4_78	head-tail adaptor	99.3	26.9	MZ361826_00007
vB_BceS_LY4_78	head-tail adaptor	99.3	26.9	MZ361825_00008
vB_BceS_LY4_78	head-tail adaptor	99.3	26.1	KP399678_00008
vB_BceS_LY4_78	head-tail adaptor	99.3	26.9	AJ242593_00008
vB_BceS_LY4_78	head-tail adaptor	65.7	32.6	MK448737_00042
vB_BceS_LY4_79	hypothetical protein	80.0	68.8	KX227759_00020
vB_BceS_LY4_79	hypothetical protein	80.0	68.8	KX227758_00030
vB_BceS_LY4_79	hypothetical protein	83.8	38.8	MH884512_00022
vB_BceS_LY4_79	hypothetical protein	58.8	42.0	MK448902_00048
vB_BceS_LY4_79	hypothetical protein	92.5	32.1	DQ466086_00008
vB_BceS_LY4_79	hypothetical protein	92.5	32.1	LN681542_00008
vB_BceS_LY4_79	hypothetical protein	92.5	32.1	LN681541_00008
vB_BceS_LY4_79	hypothetical protein	92.5	33.3	HG531805_00009
vB_BceS_LY4_80	major head protein	99.7	89.6	GU229986_00015
vB_BceS_LY4_80	major head protein	99.7	84.6	EU874396_00049
vB_BceS_LY4_80	major head protein	99.3	69.7	KX227759_00019
vB_BceS_LY4_80	major head protein	99.3	69.7	KX227758_00029
vB_BceS_LY4_80	major head protein	99.3	63.6	MH884512_00020
vB_BceS_LY4_80	major head protein	99.7	48.7	DQ466086_00007
vB_BceS_LY4_80	major head protein	99.7	48.7	LN681542_00007
vB_BceS_LY4_80	major head protein	99.7	48.3	LN681541_00007
vB_BceS_LY4_80	major head protein	99.7	48.3	HG531805_00008
vB_BceS_LY4_80	major head protein	99.3	45.4	MK448737_00040
vB_BceS_LY4_80	major head protein	98.3	46.2	OL774875_00031
vB_BceS_LY4_80	major head protein	98.3	45.2	KC237729_00009
vB_BceS_LY4_80	major head protein	98.3	46.2	MK448902_00047
vB_BceS_LY4_80	major head protein	99.3	45.0	MW478289_00007
vB_BceS_LY4_80	major head protein	98.3	43.4	DQ320509_00038
vB_BceS_LY4_80	major head protein	98.7	42.7	HE956704_00009
vB_BceS_LY4_80	major head protein	98.3	35.2	KF767351_00038
vB_BceS_LY4_80	major head protein	95.0	35.8	AF195902_00045
vB_BceS_LY4_80	major head protein	91.6	37.2	MZ503613_00027
vB_BceS_LY4_80	major head protein	99.0	32.1	MK448862_00038
vB_BceS_LY4_80	major head protein	99.0	30.9	OL774873_00035
vB_BceS_LY4_80	major head protein	99.0	30.9	FM163528_00037
vB_BceS_LY4_80	major head protein	99.0	31.9	MK448714_00034
vB_BceS_LY4_80	major head protein	99.0	30.5	MK449006_00039
vB_BceS_LY4_80	major head protein	99.0	30.5	MK448831_00039
vB_BceS_LY4_81	head scaffolding protein	99.5	80.9	GU229986_00014
vB_BceS_LY4_81	head scaffolding protein	97.2	62.1	EU874396_00048
vB_BceS_LY4_81	head scaffolding protein	97.2	58.1	KX227759_00018
vB_BceS_LY4_81	head scaffolding protein	97.2	58.1	KX227758_00028
vB_BceS_LY4_81	head scaffolding protein	75.0	34.9	MH884512_00019
vB_BceS_LY4_81	head scaffolding protein	74.1	31.7	KY065465_00039
vB_BceS_LY4_81	head scaffolding protein	56.9	35.5	MW478289_00006
vB_BceS_LY4_81	head scaffolding protein	74.1	31.7	MK448904_00035
vB_BceS_LY4_81	head scaffolding protein	74.1	29.7	FM163528_00036
vB_BceS_LY4_81	head scaffolding protein	74.1	31.1	MK044829_00044
vB_BceS_LY4_81	head scaffolding protein	74.1	30.5	MK448733_00034
vB_BceS_LY4_81	head scaffolding protein	74.1	31.1	MK448862_00037
vB_BceS_LY4_81	head scaffolding protein	56.9	32.3	KC237729_00008
vB_BceS_LY4_81	head scaffolding protein	65.3	28.3	MK448951_00036
vB_BceS_LY4_81	head scaffolding protein	65.3	26.9	MK448686_00037
vB_BceS_LY4_81	head scaffolding protein	65.3	27.6	MK448977_00042
vB_BceS_LY4_81	head scaffolding protein	65.3	27.6	MK448958_00037
vB_BceS_LY4_81	head scaffolding protein	65.3	27.6	MK448791_00042
vB_BceS_LY4_81	head scaffolding protein	65.3	27.6	MK448788_00042
vB_BceS_LY4_81	head scaffolding protein	65.3	26.9	MK448965_00027
vB_BceS_LY4_81	head scaffolding protein	65.3	26.9	MK448959_00027
vB_BceS_LY4_81	head scaffolding protein	65.3	26.9	MK448949_00029
vB_BceS_LY4_81	head scaffolding protein	65.3	26.9	MK448793_00040
vB_BceS_LY4_81	head scaffolding protein	65.3	26.2	MK448960_00038
vB_BceS_LY4_81	head scaffolding protein	65.3	26.2	MK448954_00036
vB_BceS_LY4_82	minor head protein	99.2	95.1	GU229986_00013
vB_BceS_LY4_82	minor head protein	95.9	67.8	EU874396_00047
vB_BceS_LY4_82	minor head protein	95.9	66.9	KX227759_00017
vB_BceS_LY4_82	minor head protein	95.9	66.9	KX227758_00027
vB_BceS_LY4_82	minor head protein	95.9	55.9	MG784342_00053
vB_BceS_LY4_82	minor head protein	95.9	55.1	JQ619704_00006
vB_BceS_LY4_82	minor head protein	95.9	55.1	MH598512_00054
vB_BceS_LY4_82	minor head protein	90.2	56.8	MF176161_00013
vB_BceS_LY4_82	minor head protein	95.9	47.5	MH884512_00018
vB_BceS_LY4_82	minor head protein	85.4	46.7	KP399678_00004
vB_BceS_LY4_82	minor head protein	85.4	46.7	AJ242593_00004
vB_BceS_LY4_82	minor head protein	85.4	46.7	DQ003637_00004
vB_BceS_LY4_82	minor head protein	85.4	45.8	ON456151_00001
vB_BceS_LY4_82	minor head protein	85.4	45.8	MH341452_00004
vB_BceS_LY4_82	minor head protein	85.4	45.8	MZ361827_00039
vB_BceS_LY4_82	minor head protein	85.4	45.8	MZ361826_00004
vB_BceS_LY4_82	minor head protein	85.4	45.8	MZ361825_00004
vB_BceS_LY4_82	minor head protein	85.4	45.8	KJ094022_00028
vB_BceS_LY4_82	unannotated protein	81.3	41.0	OP455937_00032
vB_BceS_LY4_82	minor head protein	95.9	33.9	MF041990_00039
vB_BceS_LY4_82	minor head protein	92.7	37.6	MK448982_00034
vB_BceS_LY4_82	unannotated protein	86.2	35.5	OP807343_00009
vB_BceS_LY4_82	minor head protein	85.4	38.6	FM163528_00035
vB_BceS_LY4_82	minor head protein	74.0	37.4	MK448884_00043
vB_BceS_LY4_82	minor head protein	93.5	33.1	MK448733_00031
vB_BceS_LY4_83	homing endonuclease	99.7	98.4	GU229986_00012
vB_BceS_LY4_83	homing endonuclease	94.8	28.8	MH880817_00103
vB_BceS_LY4_83	homing endonuclease	33.0	43.5	MZ147816_00162
vB_BceS_LY4_83	homing endonuclease	28.8	50.0	MT254578_00163
vB_BceS_LY4_83	homing endonuclease	28.8	48.9	OK499991_00170
vB_BceS_LY4_83	homing endonuclease	28.2	41.9	OL799258_00111
vB_BceS_LY4_83	homing endonuclease	28.8	45.6	KY421186_00017
vB_BceS_LY4_83	homing endonuclease	28.2	41.9	MN241318_00091
vB_BceS_LY4_83	homing endonuclease	28.2	41.9	KP339049_00086
vB_BceS_LY4_83	homing endonuclease	27.8	44.7	MT774409_00021
vB_BceS_LY4_83	homing endonuclease	27.5	43.5	MN939540_00151
vB_BceS_LY4_83	homing endonuclease	27.5	43.5	MN939539_00148
vB_BceS_LY4_83	homing endonuclease	27.5	43.5	MK792752_00075
vB_BceS_LY4_83	hypothetical protein	26.5	45.1	MH791408_00046
vB_BceS_LY4_83	hypothetical protein	26.5	45.1	MH791416_00176
vB_BceS_LY4_83	homing endonuclease	27.2	50.0	OK499991_00110
vB_BceS_LY4_83	homing endonuclease	35.3	40.8	MT708549_00102
vB_BceS_LY4_83	homing endonuclease	27.2	45.6	MT774405_00032
vB_BceS_LY4_83	homing endonuclease	27.2	40.7	OM634661_00223
vB_BceS_LY4_83	homing endonuclease	35.0	37.2	OP380492_00192
vB_BceS_LY4_83	homing endonuclease	28.5	41.5	MT774380_00011
vB_BceS_LY4_83	homing endonuclease	29.4	38.9	MT774392_00085
vB_BceS_LY4_83	homing endonuclease	34.6	38.1	LR745208_00600
vB_BceS_LY4_83	homing endonuclease	27.5	38.1	MT774401_00044
vB_BceS_LY4_83	homing endonuclease	27.2	42.0	KT070867_00095
vB_BceS_LY4_84	minor head protein	99.6	95.4	GU229986_00011
vB_BceS_LY4_84	minor head protein	99.6	69.7	KX227759_00017
vB_BceS_LY4_84	minor head protein	99.6	69.7	KX227758_00027
vB_BceS_LY4_84	minor head protein	99.6	68.9	EU874396_00047
vB_BceS_LY4_84	minor head protein	97.9	46.8	MF176161_00013
vB_BceS_LY4_84	minor head protein	96.7	39.7	MG784342_00053
vB_BceS_LY4_84	minor head protein	95.9	39.1	MH884512_00018
vB_BceS_LY4_84	minor head protein	97.5	38.6	JQ619704_00006
vB_BceS_LY4_84	minor head protein	99.6	35.1	KJ094022_00028
vB_BceS_LY4_84	minor head protein	97.5	38.7	MH598512_00054
vB_BceS_LY4_84	minor head protein	99.6	35.1	MH341452_00004
vB_BceS_LY4_84	minor head protein	99.6	34.7	DQ003637_00004
vB_BceS_LY4_84	minor head protein	99.6	34.3	AJ242593_00004
vB_BceS_LY4_84	minor head protein	99.6	34.3	KP399678_00004
vB_BceS_LY4_84	minor head protein	99.6	33.9	MZ361827_00039
vB_BceS_LY4_84	minor head protein	99.6	33.9	MZ361826_00004
vB_BceS_LY4_84	minor head protein	99.6	33.9	MZ361825_00004
vB_BceS_LY4_84	minor head protein	93.8	33.9	MK448925_00037
vB_BceS_LY4_84	minor head protein	93.8	33.9	MK448927_00037
vB_BceS_LY4_84	minor head protein	98.3	32.2	MK448861_00040
vB_BceS_LY4_84	minor head protein	93.8	31.6	MK448897_00039
vB_BceS_LY4_84	minor head protein	93.8	31.6	MK448708_00040
vB_BceS_LY4_84	minor head protein	47.9	44.0	ON456151_00001
vB_BceS_LY4_84	minor head protein	98.3	31.8	MK448886_00028
vB_BceS_LY4_84	minor head protein	98.8	30.4	MK448982_00034
vB_BceS_LY4_85	portal protein	99.7	96.8	GU229986_00010
vB_BceS_LY4_85	portal protein	95.6	73.0	KX227759_00016
vB_BceS_LY4_85	portal protein	95.6	73.0	KX227758_00026
vB_BceS_LY4_85	portal protein	95.6	54.9	EU874396_00046
vB_BceS_LY4_85	portal protein	95.0	56.7	MF176161_00010
vB_BceS_LY4_85	portal protein	92.4	43.7	MH884512_00015
vB_BceS_LY4_85	portal protein	92.1	45.6	MH598512_00055
vB_BceS_LY4_85	portal protein	92.6	44.7	MG784342_00054
vB_BceS_LY4_85	portal protein	92.9	42.7	MH341452_00003
vB_BceS_LY4_85	portal protein	92.9	43.3	MZ361826_00003
vB_BceS_LY4_85	portal protein	92.9	43.3	MZ361825_00003
vB_BceS_LY4_85	portal protein	92.9	43.3	MZ361827_00040
vB_BceS_LY4_85	portal protein	92.9	42.1	AJ242593_00003
vB_BceS_LY4_85	portal protein	93.2	44.0	JQ619704_00005
vB_BceS_LY4_85	portal protein	93.8	41.7	DQ003637_00003
vB_BceS_LY4_85	portal protein	92.9	41.7	KP399678_00003
vB_BceS_LY4_85	portal protein	92.9	41.9	ON456151_00069
vB_BceS_LY4_85	portal protein	92.9	41.9	KJ094022_00027
vB_BceS_LY4_85	portal protein	87.4	35.9	AY616446_00032
vB_BceS_LY4_85	unannotated protein	94.4	34.3	MW057932_00038
vB_BceS_LY4_85	portal protein	89.7	35.9	MK448979_00031
vB_BceS_LY4_85	portal protein	89.7	35.9	MK448800_00031
vB_BceS_LY4_85	portal protein	89.7	35.9	MK448799_00031
vB_BceS_LY4_85	portal protein	97.4	35.7	MK448925_00036
vB_BceS_LY4_85	portal protein	87.4	35.0	MK448965_00023
